Region Name,Actual Stuff,First_Pos_name,Second_Pos_name,Seq1,Seq2,Type,Direction,Primer,Name
A+B,BothEnh,PreA,PostB,GCCCCTGCGCTGCTTCCCCACCA,GTCTTCAGGCAGCAGTCCAAATT,AS,Forward,AGATGCCCCTGCGCTGCTTCCCCACCATAATTTCTACTCTTGTAGATGTCTTCAGGCAGCAGTCCAAATT,PGK5
A,A-En,PreA,PostA,GCCCCTGCGCTGCTTCCCCACCA,ACCGAAGCACTTCCTCTGACACT,AS,Forward,AGATGCCCCTGCGCTGCTTCCCCACCATAATTTCTACTCTTGTAGATACCGAAGCACTTCCTCTGACACT,PGK7
B,B-En,PreB,PostB,CAGGGAAGAGGTATCTGCAAACG,GTCTTCAGGCAGCAGTCCAAATT,AS,Forward,AGATCAGGGAAGAGGTATCTGCAAACGTAATTTCTACTCTTGTAGATGTCTTCAGGCAGCAGTCCAAATT,PGK9
A1,Pre-1A,PreA,A1,GCCCCTGCGCTGCTTCCCCACCA,CCCTGGCGCTCAGAAAATGCTCA,AS,Forward,AGATGCCCCTGCGCTGCTTCCCCACCATAATTTCTACTCTTGTAGATCCCTGGCGCTCAGAAAATGCTCA,PGK11
A1-A2,Pre-2A,PreA,A2,GCCCCTGCGCTGCTTCCCCACCA,CCGGCCCCACAGCCGACTCTCAG,AS,Forward,AGATGCCCCTGCGCTGCTTCCCCACCATAATTTCTACTCTTGTAGATCCGGCCCCACAGCCGACTCTCAG,PGK13
A1-A3,Pre-A3,PreA,A3,GCCCCTGCGCTGCTTCCCCACCA,CCTAAAGAGGCGCAGCGTATCTC,AS,Forward,AGATGCCCCTGCGCTGCTTCCCCACCATAATTTCTACTCTTGTAGATCCTAAAGAGGCGCAGCGTATCTC,PGK15
A2-A4,A1-Post,A1,PostA,CCCTGGCGCTCAGAAAATGCTCA,ACCGAAGCACTTCCTCTGACACT,AS,Forward,AGATCCCTGGCGCTCAGAAAATGCTCATAATTTCTACTCTTGTAGATACCGAAGCACTTCCTCTGACACT,PGK17
A3-A4,A2-Post,A2,PostA,CCGGCCCCACAGCCGACTCTCAG,ACCGAAGCACTTCCTCTGACACT,AS,Forward,AGATCCGGCCCCACAGCCGACTCTCAGTAATTTCTACTCTTGTAGATACCGAAGCACTTCCTCTGACACT,PGK19
A4,A3-Post,A3,PostA,CCTAAAGAGGCGCAGCGTATCTC,ACCGAAGCACTTCCTCTGACACT,AS,Forward,AGATCCTAAAGAGGCGCAGCGTATCTCTAATTTCTACTCTTGTAGATACCGAAGCACTTCCTCTGACACT,PGK21
B1,Pre-B1,PreB,B1,CAGGGAAGAGGTATCTGCAAACG,GGTGTGATCTCCCCTAACCCAGG,AS,Forward,AGATCAGGGAAGAGGTATCTGCAAACGTAATTTCTACTCTTGTAGATGGTGTGATCTCCCCTAACCCAGG,PGK23
B1-B2,Pre-B2,PreB,B2,CAGGGAAGAGGTATCTGCAAACG,GGAGGCGGCCAGCCCGAGAGGGC,AS,Forward,AGATCAGGGAAGAGGTATCTGCAAACGTAATTTCTACTCTTGTAGATGGAGGCGGCCAGCCCGAGAGGGC,PGK25
B1-B3,Pre-B3,PreB,B3,CAGGGAAGAGGTATCTGCAAACG,GGAGAGAGGAAAAGCCAGAGCTG,AS,Forward,AGATCAGGGAAGAGGTATCTGCAAACGTAATTTCTACTCTTGTAGATGGAGAGAGGAAAAGCCAGAGCTG,PGK27
B2-B4,B1-Post,B1,PostB,GGTGTGATCTCCCCTAACCCAGG,GTCTTCAGGCAGCAGTCCAAATT,AS,Forward,AGATGGTGTGATCTCCCCTAACCCAGGTAATTTCTACTCTTGTAGATGTCTTCAGGCAGCAGTCCAAATT,PGK29
B3-B4,B2-Post,B2,PostB,GGAGGCGGCCAGCCCGAGAGGGC,GTCTTCAGGCAGCAGTCCAAATT,AS,Forward,AGATGGAGGCGGCCAGCCCGAGAGGGCTAATTTCTACTCTTGTAGATGTCTTCAGGCAGCAGTCCAAATT,PGK31
B4,P3-Post,B3,Postb,GGAGAGAGGAAAAGCCAGAGCTG,GTCTTCAGGCAGCAGTCCAAATT,AS,Forward,AGATGGAGAGAGGAAAAGCCAGAGCTGTAATTTCTACTCTTGTAGATGTCTTCAGGCAGCAGTCCAAATT,PGK33
grnaPreA,PreA-Control,PreA,Control1,GCCCCTGCGCTGCTTCCCCACCA,AAGGCATTCTTAAATTCCTTATT,AS,Forward,AGATGCCCCTGCGCTGCTTCCCCACCATAATTTCTACTCTTGTAGATAAGGCATTCTTAAATTCCTTATT,PGK35
grnaPostA,PostA-Control,PostA,Control1,ACCGAAGCACTTCCTCTGACACT,AAGGCATTCTTAAATTCCTTATT,AS,Forward,AGATACCGAAGCACTTCCTCTGACACTTAATTTCTACTCTTGTAGATAAGGCATTCTTAAATTCCTTATT,PGK37
grnaPreB,PreB-Control,PreB,Control1,CAGGGAAGAGGTATCTGCAAACG,AAGGCATTCTTAAATTCCTTATT,AS,Forward,AGATCAGGGAAGAGGTATCTGCAAACGTAATTTCTACTCTTGTAGATAAGGCATTCTTAAATTCCTTATT,PGK39
grnaPostB,PostB-Control,PostB,Control1,GTCTTCAGGCAGCAGTCCAAATT,AAGGCATTCTTAAATTCCTTATT,AS,Forward,AGATGTCTTCAGGCAGCAGTCCAAATTTAATTTCTACTCTTGTAGATAAGGCATTCTTAAATTCCTTATT,PGK41
Control,Control_Control,Control1,Control2,AAGGCATTCTTAAATTCCTTATT,AATCCCATCATCTATGGCATGAG,AS,Forward,AGATAAGGCATTCTTAAATTCCTTATTTAATTTCTACTCTTGTAGATAATCCCATCATCTATGGCATGAG,PGK43
PER1ko,Per1_1-Per1_2,PER1_1,PER1_2,ACTACGCGGCACACACCCAGCTG,CCCCAGCTACAGGCACGTTCAAG,AS,Forward,AGATACTACGCGGCACACACCCAGCTGTAATTTCTACTCTTGTAGATCCCCAGCTACAGGCACGTTCAAG,PGK45
A+B,BothEnh,PreA,PostB,GCCCCTGCGCTGCTTCCCCACCA,GTCTTCAGGCAGCAGTCCAAATT,LB,Forward,AGATGCCCCTGCGCTGCTTCCCCACCAAATTTCTACTAAGTGTAGATGTCTTCAGGCAGCAGTCCAAATT,PGK47
A,A-En,PreA,PostA,GCCCCTGCGCTGCTTCCCCACCA,ACCGAAGCACTTCCTCTGACACT,LB,Forward,AGATGCCCCTGCGCTGCTTCCCCACCAAATTTCTACTAAGTGTAGATACCGAAGCACTTCCTCTGACACT,PGK49
B,B-En,PreB,PostB,CAGGGAAGAGGTATCTGCAAACG,GTCTTCAGGCAGCAGTCCAAATT,LB,Forward,AGATCAGGGAAGAGGTATCTGCAAACGAATTTCTACTAAGTGTAGATGTCTTCAGGCAGCAGTCCAAATT,PGK51
A1,Pre-1A,PreA,A1,GCCCCTGCGCTGCTTCCCCACCA,CCCTGGCGCTCAGAAAATGCTCA,LB,Forward,AGATGCCCCTGCGCTGCTTCCCCACCAAATTTCTACTAAGTGTAGATCCCTGGCGCTCAGAAAATGCTCA,PGK53
A1-A2,Pre-2A,PreA,A2,GCCCCTGCGCTGCTTCCCCACCA,CCGGCCCCACAGCCGACTCTCAG,LB,Forward,AGATGCCCCTGCGCTGCTTCCCCACCAAATTTCTACTAAGTGTAGATCCGGCCCCACAGCCGACTCTCAG,PGK55
A1-A3,Pre-A3,PreA,A3,GCCCCTGCGCTGCTTCCCCACCA,CCTAAAGAGGCGCAGCGTATCTC,LB,Forward,AGATGCCCCTGCGCTGCTTCCCCACCAAATTTCTACTAAGTGTAGATCCTAAAGAGGCGCAGCGTATCTC,PGK57
A2-A4,A1-Post,A1,PostA,CCCTGGCGCTCAGAAAATGCTCA,ACCGAAGCACTTCCTCTGACACT,LB,Forward,AGATCCCTGGCGCTCAGAAAATGCTCAAATTTCTACTAAGTGTAGATACCGAAGCACTTCCTCTGACACT,PGK59
A3-A4,A2-Post,A2,PostA,CCGGCCCCACAGCCGACTCTCAG,ACCGAAGCACTTCCTCTGACACT,LB,Forward,AGATCCGGCCCCACAGCCGACTCTCAGAATTTCTACTAAGTGTAGATACCGAAGCACTTCCTCTGACACT,PGK61
A4,A3-Post,A3,PostA,CCTAAAGAGGCGCAGCGTATCTC,ACCGAAGCACTTCCTCTGACACT,LB,Forward,AGATCCTAAAGAGGCGCAGCGTATCTCAATTTCTACTAAGTGTAGATACCGAAGCACTTCCTCTGACACT,PGK63
B1,Pre-B1,PreB,B1,CAGGGAAGAGGTATCTGCAAACG,GGTGTGATCTCCCCTAACCCAGG,LB,Forward,AGATCAGGGAAGAGGTATCTGCAAACGAATTTCTACTAAGTGTAGATGGTGTGATCTCCCCTAACCCAGG,PGK65
B1-B2,Pre-B2,PreB,B2,CAGGGAAGAGGTATCTGCAAACG,GGAGGCGGCCAGCCCGAGAGGGC,LB,Forward,AGATCAGGGAAGAGGTATCTGCAAACGAATTTCTACTAAGTGTAGATGGAGGCGGCCAGCCCGAGAGGGC,PGK67
B1-B3,Pre-B3,PreB,B3,CAGGGAAGAGGTATCTGCAAACG,GGAGAGAGGAAAAGCCAGAGCTG,LB,Forward,AGATCAGGGAAGAGGTATCTGCAAACGAATTTCTACTAAGTGTAGATGGAGAGAGGAAAAGCCAGAGCTG,PGK69
B2-B4,B1-Post,B1,PostB,GGTGTGATCTCCCCTAACCCAGG,GTCTTCAGGCAGCAGTCCAAATT,LB,Forward,AGATGGTGTGATCTCCCCTAACCCAGGAATTTCTACTAAGTGTAGATGTCTTCAGGCAGCAGTCCAAATT,PGK71
B3-B4,B2-Post,B2,PostB,GGAGGCGGCCAGCCCGAGAGGGC,GTCTTCAGGCAGCAGTCCAAATT,LB,Forward,AGATGGAGGCGGCCAGCCCGAGAGGGCAATTTCTACTAAGTGTAGATGTCTTCAGGCAGCAGTCCAAATT,PGK73
B4,P3-Post,B3,Postb,GGAGAGAGGAAAAGCCAGAGCTG,GTCTTCAGGCAGCAGTCCAAATT,LB,Forward,AGATGGAGAGAGGAAAAGCCAGAGCTGAATTTCTACTAAGTGTAGATGTCTTCAGGCAGCAGTCCAAATT,PGK75
grnaPreA,PreA-Control,PreA,Control1,GCCCCTGCGCTGCTTCCCCACCA,AAGGCATTCTTAAATTCCTTATT,LB,Forward,AGATGCCCCTGCGCTGCTTCCCCACCAAATTTCTACTAAGTGTAGATAAGGCATTCTTAAATTCCTTATT,PGK77
grnaPostA,PostA-Control,PostA,Control1,ACCGAAGCACTTCCTCTGACACT,AAGGCATTCTTAAATTCCTTATT,LB,Forward,AGATACCGAAGCACTTCCTCTGACACTAATTTCTACTAAGTGTAGATAAGGCATTCTTAAATTCCTTATT,PGK79
grnaPreB,PreB-Control,PreB,Control1,CAGGGAAGAGGTATCTGCAAACG,AAGGCATTCTTAAATTCCTTATT,LB,Forward,AGATCAGGGAAGAGGTATCTGCAAACGAATTTCTACTAAGTGTAGATAAGGCATTCTTAAATTCCTTATT,PGK81
grnaPostB,PostB-Control,PostB,Control1,GTCTTCAGGCAGCAGTCCAAATT,AAGGCATTCTTAAATTCCTTATT,LB,Forward,AGATGTCTTCAGGCAGCAGTCCAAATTAATTTCTACTAAGTGTAGATAAGGCATTCTTAAATTCCTTATT,PGK83
Control,Control_Control,Control1,Control2,AAGGCATTCTTAAATTCCTTATT,AATCCCATCATCTATGGCATGAG,LB,Forward,AGATAAGGCATTCTTAAATTCCTTATTAATTTCTACTAAGTGTAGATAATCCCATCATCTATGGCATGAG,PGK85
PER1ko,Per1_1-Per1_2,PER1_1,PER1_2,ACTACGCGGCACACACCCAGCTG,CCCCAGCTACAGGCACGTTCAAG,LB,Forward,AGATACTACGCGGCACACACCCAGCTGAATTTCTACTAAGTGTAGATCCCCAGCTACAGGCACGTTCAAG,PGK87
A+B,BothEnh,PreA,PostB,GCCCCTGCGCTGCTTCCCCACCA,GTCTTCAGGCAGCAGTCCAAATT,AS,Reverse,ATTAAATTTGGACTGCTGCCTGAAGACATCTACAAGAGTAGAAATTATGGTGGGGAAGCAGCGCAGGGGC,PGK6
A,A-En,PreA,PostA,GCCCCTGCGCTGCTTCCCCACCA,ACCGAAGCACTTCCTCTGACACT,AS,Reverse,ATTAAGTGTCAGAGGAAGTGCTTCGGTATCTACAAGAGTAGAAATTATGGTGGGGAAGCAGCGCAGGGGC,PGK8
B,B-En,PreB,PostB,CAGGGAAGAGGTATCTGCAAACG,GTCTTCAGGCAGCAGTCCAAATT,AS,Reverse,ATTAAATTTGGACTGCTGCCTGAAGACATCTACAAGAGTAGAAATTACGTTTGCAGATACCTCTTCCCTG,PGK10
A1,Pre-1A,PreA,A1,GCCCCTGCGCTGCTTCCCCACCA,CCCTGGCGCTCAGAAAATGCTCA,AS,Reverse,ATTATGAGCATTTTCTGAGCGCCAGGGATCTACAAGAGTAGAAATTATGGTGGGGAAGCAGCGCAGGGGC,PGK12
A1-A2,Pre-2A,PreA,A2,GCCCCTGCGCTGCTTCCCCACCA,CCGGCCCCACAGCCGACTCTCAG,AS,Reverse,ATTACTGAGAGTCGGCTGTGGGGCCGGATCTACAAGAGTAGAAATTATGGTGGGGAAGCAGCGCAGGGGC,PGK14
A1-A3,Pre-A3,PreA,A3,GCCCCTGCGCTGCTTCCCCACCA,CCTAAAGAGGCGCAGCGTATCTC,AS,Reverse,ATTAGAGATACGCTGCGCCTCTTTAGGATCTACAAGAGTAGAAATTATGGTGGGGAAGCAGCGCAGGGGC,PGK16
A2-A4,A1-Post,A1,PostA,CCCTGGCGCTCAGAAAATGCTCA,ACCGAAGCACTTCCTCTGACACT,AS,Reverse,ATTAAGTGTCAGAGGAAGTGCTTCGGTATCTACAAGAGTAGAAATTATGAGCATTTTCTGAGCGCCAGGG,PGK18
A3-A4,A2-Post,A2,PostA,CCGGCCCCACAGCCGACTCTCAG,ACCGAAGCACTTCCTCTGACACT,AS,Reverse,ATTAAGTGTCAGAGGAAGTGCTTCGGTATCTACAAGAGTAGAAATTACTGAGAGTCGGCTGTGGGGCCGG,PGK20
A4,A3-Post,A3,PostA,CCTAAAGAGGCGCAGCGTATCTC,ACCGAAGCACTTCCTCTGACACT,AS,Reverse,ATTAAGTGTCAGAGGAAGTGCTTCGGTATCTACAAGAGTAGAAATTAGAGATACGCTGCGCCTCTTTAGG,PGK22
B1,Pre-B1,PreB,B1,CAGGGAAGAGGTATCTGCAAACG,GGTGTGATCTCCCCTAACCCAGG,AS,Reverse,ATTACCTGGGTTAGGGGAGATCACACCATCTACAAGAGTAGAAATTACGTTTGCAGATACCTCTTCCCTG,PGK24
B1-B2,Pre-B2,PreB,B2,CAGGGAAGAGGTATCTGCAAACG,GGAGGCGGCCAGCCCGAGAGGGC,AS,Reverse,ATTAGCCCTCTCGGGCTGGCCGCCTCCATCTACAAGAGTAGAAATTACGTTTGCAGATACCTCTTCCCTG,PGK26
B1-B3,Pre-B3,PreB,B3,CAGGGAAGAGGTATCTGCAAACG,GGAGAGAGGAAAAGCCAGAGCTG,AS,Reverse,ATTACAGCTCTGGCTTTTCCTCTCTCCATCTACAAGAGTAGAAATTACGTTTGCAGATACCTCTTCCCTG,PGK28
B2-B4,B1-Post,B1,PostB,GGTGTGATCTCCCCTAACCCAGG,GTCTTCAGGCAGCAGTCCAAATT,AS,Reverse,ATTAAATTTGGACTGCTGCCTGAAGACATCTACAAGAGTAGAAATTACCTGGGTTAGGGGAGATCACACC,PGK30
B3-B4,B2-Post,B2,PostB,GGAGGCGGCCAGCCCGAGAGGGC,GTCTTCAGGCAGCAGTCCAAATT,AS,Reverse,ATTAAATTTGGACTGCTGCCTGAAGACATCTACAAGAGTAGAAATTAGCCCTCTCGGGCTGGCCGCCTCC,PGK32
B4,P3-Post,B3,Postb,GGAGAGAGGAAAAGCCAGAGCTG,GTCTTCAGGCAGCAGTCCAAATT,AS,Reverse,ATTAAATTTGGACTGCTGCCTGAAGACATCTACAAGAGTAGAAATTACAGCTCTGGCTTTTCCTCTCTCC,PGK34
grnaPreA,PreA-Control,PreA,Control1,GCCCCTGCGCTGCTTCCCCACCA,AAGGCATTCTTAAATTCCTTATT,AS,Reverse,ATTAAATAAGGAATTTAAGAATGCCTTATCTACAAGAGTAGAAATTATGGTGGGGAAGCAGCGCAGGGGC,PGK36
grnaPostA,PostA-Control,PostA,Control1,ACCGAAGCACTTCCTCTGACACT,AAGGCATTCTTAAATTCCTTATT,AS,Reverse,ATTAAATAAGGAATTTAAGAATGCCTTATCTACAAGAGTAGAAATTAAGTGTCAGAGGAAGTGCTTCGGT,PGK38
grnaPreB,PreB-Control,PreB,Control1,CAGGGAAGAGGTATCTGCAAACG,AAGGCATTCTTAAATTCCTTATT,AS,Reverse,ATTAAATAAGGAATTTAAGAATGCCTTATCTACAAGAGTAGAAATTACGTTTGCAGATACCTCTTCCCTG,PGK40
grnaPostB,PostB-Control,PostB,Control1,GTCTTCAGGCAGCAGTCCAAATT,AAGGCATTCTTAAATTCCTTATT,AS,Reverse,ATTAAATAAGGAATTTAAGAATGCCTTATCTACAAGAGTAGAAATTAAATTTGGACTGCTGCCTGAAGAC,PGK42
Control,Control_Control,Control1,Control2,AAGGCATTCTTAAATTCCTTATT,AATCCCATCATCTATGGCATGAG,AS,Reverse,ATTACTCATGCCATAGATGATGGGATTATCTACAAGAGTAGAAATTAAATAAGGAATTTAAGAATGCCTT,PGK44
PER1ko,Per1_1-Per1_2,PER1_1,PER1_2,ACTACGCGGCACACACCCAGCTG,CCCCAGCTACAGGCACGTTCAAG,AS,Reverse,ATTACTTGAACGTGCCTGTAGCTGGGGATCTACAAGAGTAGAAATTACAGCTGGGTGTGTGCCGCGTAGT,PGK46
A+B,BothEnh,PreA,PostB,GCCCCTGCGCTGCTTCCCCACCA,GTCTTCAGGCAGCAGTCCAAATT,LB,Reverse,AATTAATTTGGACTGCTGCCTGAAGACATCTACACTTAGTAGAAATTTGGTGGGGAAGCAGCGCAGGGGC,PGK48
A,A-En,PreA,PostA,GCCCCTGCGCTGCTTCCCCACCA,ACCGAAGCACTTCCTCTGACACT,LB,Reverse,AATTAGTGTCAGAGGAAGTGCTTCGGTATCTACACTTAGTAGAAATTTGGTGGGGAAGCAGCGCAGGGGC,PGK50
B,B-En,PreB,PostB,CAGGGAAGAGGTATCTGCAAACG,GTCTTCAGGCAGCAGTCCAAATT,LB,Reverse,AATTAATTTGGACTGCTGCCTGAAGACATCTACACTTAGTAGAAATTCGTTTGCAGATACCTCTTCCCTG,PGK52
A1,Pre-1A,PreA,A1,GCCCCTGCGCTGCTTCCCCACCA,CCCTGGCGCTCAGAAAATGCTCA,LB,Reverse,AATTTGAGCATTTTCTGAGCGCCAGGGATCTACACTTAGTAGAAATTTGGTGGGGAAGCAGCGCAGGGGC,PGK54
A1-A2,Pre-2A,PreA,A2,GCCCCTGCGCTGCTTCCCCACCA,CCGGCCCCACAGCCGACTCTCAG,LB,Reverse,AATTCTGAGAGTCGGCTGTGGGGCCGGATCTACACTTAGTAGAAATTTGGTGGGGAAGCAGCGCAGGGGC,PGK56
A1-A3,Pre-A3,PreA,A3,GCCCCTGCGCTGCTTCCCCACCA,CCTAAAGAGGCGCAGCGTATCTC,LB,Reverse,AATTGAGATACGCTGCGCCTCTTTAGGATCTACACTTAGTAGAAATTTGGTGGGGAAGCAGCGCAGGGGC,PGK58
A2-A4,A1-Post,A1,PostA,CCCTGGCGCTCAGAAAATGCTCA,ACCGAAGCACTTCCTCTGACACT,LB,Reverse,AATTAGTGTCAGAGGAAGTGCTTCGGTATCTACACTTAGTAGAAATTTGAGCATTTTCTGAGCGCCAGGG,PGK60
A3-A4,A2-Post,A2,PostA,CCGGCCCCACAGCCGACTCTCAG,ACCGAAGCACTTCCTCTGACACT,LB,Reverse,AATTAGTGTCAGAGGAAGTGCTTCGGTATCTACACTTAGTAGAAATTCTGAGAGTCGGCTGTGGGGCCGG,PGK62
A4,A3-Post,A3,PostA,CCTAAAGAGGCGCAGCGTATCTC,ACCGAAGCACTTCCTCTGACACT,LB,Reverse,AATTAGTGTCAGAGGAAGTGCTTCGGTATCTACACTTAGTAGAAATTGAGATACGCTGCGCCTCTTTAGG,PGK64
B1,Pre-B1,PreB,B1,CAGGGAAGAGGTATCTGCAAACG,GGTGTGATCTCCCCTAACCCAGG,LB,Reverse,AATTCCTGGGTTAGGGGAGATCACACCATCTACACTTAGTAGAAATTCGTTTGCAGATACCTCTTCCCTG,PGK66
B1-B2,Pre-B2,PreB,B2,CAGGGAAGAGGTATCTGCAAACG,GGAGGCGGCCAGCCCGAGAGGGC,LB,Reverse,AATTGCCCTCTCGGGCTGGCCGCCTCCATCTACACTTAGTAGAAATTCGTTTGCAGATACCTCTTCCCTG,PGK68
B1-B3,Pre-B3,PreB,B3,CAGGGAAGAGGTATCTGCAAACG,GGAGAGAGGAAAAGCCAGAGCTG,LB,Reverse,AATTCAGCTCTGGCTTTTCCTCTCTCCATCTACACTTAGTAGAAATTCGTTTGCAGATACCTCTTCCCTG,PGK70
B2-B4,B1-Post,B1,PostB,GGTGTGATCTCCCCTAACCCAGG,GTCTTCAGGCAGCAGTCCAAATT,LB,Reverse,AATTAATTTGGACTGCTGCCTGAAGACATCTACACTTAGTAGAAATTCCTGGGTTAGGGGAGATCACACC,PGK72
B3-B4,B2-Post,B2,PostB,GGAGGCGGCCAGCCCGAGAGGGC,GTCTTCAGGCAGCAGTCCAAATT,LB,Reverse,AATTAATTTGGACTGCTGCCTGAAGACATCTACACTTAGTAGAAATTGCCCTCTCGGGCTGGCCGCCTCC,PGK74
B4,P3-Post,B3,Postb,GGAGAGAGGAAAAGCCAGAGCTG,GTCTTCAGGCAGCAGTCCAAATT,LB,Reverse,AATTAATTTGGACTGCTGCCTGAAGACATCTACACTTAGTAGAAATTCAGCTCTGGCTTTTCCTCTCTCC,PGK76
grnaPreA,PreA-Control,PreA,Control1,GCCCCTGCGCTGCTTCCCCACCA,AAGGCATTCTTAAATTCCTTATT,LB,Reverse,AATTAATAAGGAATTTAAGAATGCCTTATCTACACTTAGTAGAAATTTGGTGGGGAAGCAGCGCAGGGGC,PGK78
grnaPostA,PostA-Control,PostA,Control1,ACCGAAGCACTTCCTCTGACACT,AAGGCATTCTTAAATTCCTTATT,LB,Reverse,AATTAATAAGGAATTTAAGAATGCCTTATCTACACTTAGTAGAAATTAGTGTCAGAGGAAGTGCTTCGGT,PGK80
grnaPreB,PreB-Control,PreB,Control1,CAGGGAAGAGGTATCTGCAAACG,AAGGCATTCTTAAATTCCTTATT,LB,Reverse,AATTAATAAGGAATTTAAGAATGCCTTATCTACACTTAGTAGAAATTCGTTTGCAGATACCTCTTCCCTG,PGK82
grnaPostB,PostB-Control,PostB,Control1,GTCTTCAGGCAGCAGTCCAAATT,AAGGCATTCTTAAATTCCTTATT,LB,Reverse,AATTAATAAGGAATTTAAGAATGCCTTATCTACACTTAGTAGAAATTAATTTGGACTGCTGCCTGAAGAC,PGK84
Control,Control_Control,Control1,Control2,AAGGCATTCTTAAATTCCTTATT,AATCCCATCATCTATGGCATGAG,LB,Reverse,AATTCTCATGCCATAGATGATGGGATTATCTACACTTAGTAGAAATTAATAAGGAATTTAAGAATGCCTT,PGK86
PER1ko,Per1_1-Per1_2,PER1_1,PER1_2,ACTACGCGGCACACACCCAGCTG,CCCCAGCTACAGGCACGTTCAAG,LB,Reverse,AATTCTTGAACGTGCCTGTAGCTGGGGATCTACACTTAGTAGAAATTCAGCTGGGTGTGTGCCGCGTAGT,PGK88
Genomic-Primer-A-Pair1,-,-,-,-,-,-,Forward,AAAGCCCCTCAACCTGACTC,PGK89
Genomic-Primer-A-Pair1,-,-,-,-,-,-,Reverse,CCATTGTCCGCATCCTTCCT,PGK90
Genomic-Primer-A-Pair2,-,-,-,-,-,-,Forward,AAGCCCCTCAACCTGACTCT,PGK91
Genomic-Primer-A-Pair1,-,-,-,-,-,-,Reverse,CCTTCCATTGTCCGCATCCT,PGK92
Genomic-Primer-B-Pair1,-,-,-,-,-,-,Forward,CTCTCCACCCCAACTCATACTG,PGK93
Genomic-Primer-B-Pair1,-,-,-,-,-,-,Reverse,TTCTGCAAGTTTTGATGGCGTC,PGK94
